CREATE TABLE STUDENT (
    STUDNO INT(5) PRIMARY KEY,
    NAME VARCHAR(10) NOT NULL,
    SERID VARCHAR(10),
    GRADE VARCHAR(1),
    IDNUM VARCHAR(13),
    BIRTHDATE DATE,
    TEL VARCHAR(13),
    HEIGHT DECIMAL(5, 2),
    WEIGHT DECIMAL(5, 2),
    DEPTNO INT(4),
    PROFNO INT(4)
);

-- STUDENT 테이블 데이터 입력
INSERT INTO STUDENT VALUES (10101, '전인하', 'jun123', '4', '7907021369824', STR_TO_DATE('19790702', '%Y%m%d'), '051-781-2158', 176, 72, 101, 9903);
INSERT INTO STUDENT VALUES (20101, '이동훈', 'Dals', '1', '8312101128467', STR_TO_DATE('19831210', '%Y%m%d'), '055-426-1752', 172, 64, 201, NULL);
INSERT INTO STUDENT VALUES (10102, '박미경', 'ansel414', '1', '8405162123648', STR_TO_DATE('19840516', '%Y%m%d'), '055-261-8947', 168, 52, 101, NULL);
INSERT INTO STUDENT VALUES (10103, '김영균', 'mandu', '3', '8103211063421', STR_TO_DATE('19810111', '%Y%m%d'), '051-824-9637', 170, 88, 101, 9906);
INSERT INTO STUDENT VALUES (20102, '박동진', 'Ping2', '1', '8511241639826', STR_TO_DATE('19851124', '%Y%m%d'), '051-742-6384', 182, 70, 201, NULL);
INSERT INTO STUDENT VALUES (10201, '김진영', 'simply', '2', '8206062186327', STR_TO_DATE('19820706', '%Y%m%d'), '055-419-6328', 164, 48, 102, 9905);
INSERT INTO STUDENT VALUES (10104, '지은경', 'Gomo00', '2', '8004122298371', STR_TO_DATE('19800512', '%Y%m%d'), '055-418-9627', 161, 42, 101, 9907);
INSERT INTO STUDENT VALUES (10202, '오유석', 'yousuk', '4', '7710121128379', STR_TO_DATE('19771012', '%Y%m%d'), '051-724-9618', 177, 92, 102, 9905);
INSERT INTO STUDENT VALUES (10203, '하나리', 'hanal', '1', '8501092378641', STR_TO_DATE('19841218', '%Y%m%d'), '055-296-3784', 160, 68, 102, NULL);
INSERT INTO STUDENT VALUES (10105, '임유진', 'YouJin12', '2', '8301212196482', STR_TO_DATE('19830121', '%Y%m%d'), '02-312-9838', 171, 54, 101, 9907);
INSERT INTO STUDENT VALUES (10106, '서재진', 'seolly', '1', '8511291186273', STR_TO_DATE('19851129', '%Y%m%d'), '051-239-4861', 186, 72, 101, NULL);
INSERT INTO STUDENT VALUES (10204, '윤진욱', 'Samba7', '3', '7904021358671', STR_TO_DATE('19790402', '%Y%m%d'), '053-487-2698', 171, 70, 102, 9905);
INSERT INTO STUDENT VALUES (10107, '이광훈', 'huriky', '4', '8110131276431', STR_TO_DATE('19811013', '%Y%m%d'), '055-736-4981', 175, 92, 101, 9903);
INSERT INTO STUDENT VALUES (20103, '김진경', 'lovely', '2', '8302282169387', STR_TO_DATE('19830228', '%Y%m%d'), '052-175-3941', 166, 51, 201, 9902);
INSERT INTO STUDENT VALUES (20104, '조명훈', 'Rader214', '1', '8412141254963', STR_TO_DATE('19840916', '%Y%m%d'), '02-785-6984', 184, 62, 201, NULL);
INSERT INTO STUDENT VALUES (10108, '류민정', 'cleanSky', '2', '8108192157498', STR_TO_DATE('19810819', '%Y%m%d'), '055-248-3679', 162, 72, 101, 9907);

-- PROFESSOR 테이블 생성
CREATE TABLE PROFESSOR (
    PROFNO INT(4) PRIMARY KEY,
    NAME VARCHAR(10) NOT NULL,
    USERID VARCHAR(10),
    POSITION VARCHAR(20),
    SAL INT(10),
    HIREDATE DATE,
    COMM INT(2),
    DEPTNO INT(4)
);

-- PROFESSOR 테이블 데이터 입력
INSERT INTO PROFESSOR VALUES (9901, '김도훈', 'capool', '교수', 500, STR_TO_DATE('19820624', '%Y%m%d'), 20, 101);
INSERT INTO PROFESSOR VALUES (9902, '이재우', 'sweat413', '조교수', 320, STR_TO_DATE('19950412', '%Y%m%d'), NULL, 201);
INSERT INTO PROFESSOR VALUES (9903, '성연희', 'Pascal', '조교수', 360, STR_TO_DATE('19930517', '%Y%m%d'), 15, 101);
INSERT INTO PROFESSOR VALUES (9904, '염일웅', 'Blue77', '전임강사', 240, STR_TO_DATE('19981202', '%Y%m%d'), NULL, 102);
INSERT INTO PROFESSOR VALUES (9905, '권혁일', 'refresh', '교수', 450, STR_TO_DATE('19860108', '%Y%m%d'), 25, 102);
INSERT INTO PROFESSOR VALUES (9906, '이만식', 'Pocari', '부교수', 420, STR_TO_DATE('19880913', '%Y%m%d'), NULL, 101);
INSERT INTO PROFESSOR VALUES (9907, '전은지', 'totoro', '전임강사', 210, STR_TO_DATE('20010601', '%Y%m%d'), NULL, 101);
INSERT INTO PROFESSOR VALUES (9908, '남은혁', 'Bird13', '부교수', 400, STR_TO_DATE('19901118', '%Y%m%d'), 17, 202);

-- DEPARTMENT 테이블 생성
CREATE TABLE DEPARTMENT (
    DEPTNO INT(4) PRIMARY KEY,
    DNAME VARCHAR(16) NOT NULL,
    COLLEGE INT(4),
    LOC VARCHAR(10)
);

-- DEPARTMENT 테이블 데이터 입력
INSERT INTO DEPARTMENT VALUES (101, '컴퓨터공학과', 100, '1호관');
INSERT INTO DEPARTMENT VALUES (102, '멀티미디어학과', 100, '2호관');
INSERT INTO DEPARTMENT VALUES (201, '전자공학과', 200, '3호관');
INSERT INTO DEPARTMENT VALUES (202, '기계공학과', 200, '4호관');
INSERT INTO DEPARTMENT VALUES (100, '정보미디어학부', 10, NULL);
INSERT INTO DEPARTMENT VALUES (200, '메카트로닉스학부', 10, NULL);
INSERT INTO DEPARTMENT VALUES (10, '공과대학', NULL, NULL);

CREATE TABLE usersMulti (
    id INT NOT NULL,
    name VARCHAR(100),
    age INT,
    email VARCHAR(100),
    PRIMARY KEY (id)
);

select * from usersmulti;

CREATE TABLE EMPLOYEES (
    emp_id INT AUTO_INCREMENT PRIMARY KEY,
    name VARCHAR(100) NOT NULL,
    department VARCHAR(100),
    salary DECIMAL(10, 2),
    manager_id INT   
);

INSERT INTO EMPLOYEES (name, department, salary, manager_id) VALUES
('John Doe', 'Sales', 60000, NULL),
('Jane Smith', 'Marketing', 50000, NULL),
('Michael Johnson', 'Sales', 55000, 1),
('Emily Davis', 'HR', 45000, NULL),
('David Wilson', 'Sales', 70000, 1),
('Sarah Brown', 'Marketing', 65000, 2),
('James Taylor', 'HR', 40000, 4),
('Linda Anderson', 'Sales', 52000, 1),
('Robert Thomas', 'IT', 75000, NULL),
('Mary Jackson', 'IT', 60000, 9);

SELECT * FROM employees WHERE salary > 50000;
